time,temperature_c,DEET_hydrolase_4NP_butyrate,DEET_hydrolase_4NP_butyrate,DEET_hydrolase_4NP_butyrate,buffer,buffer,buffer,NA,NA,NA,NA,NA,NA,DEET_hydrolase_4NP_trimethylacetate,DEET_hydrolase_4NP_trimethylacetate,DEET_hydrolase_4NP_trimethylacetate,buffer,buffer,buffer,NA,NA,NA,NA,NA,NA,DEET_hydrolase_4NP_acetamide,DEET_hydrolase_4NP_acetamide,DEET_hydrolase_4NP_acetamide,buffer,buffer,buffer,NA,NA,NA,NA,NA,NA,stdcurve_0,stdcurve_1,stdcurve_2,stdcurve_3,stdcurve_4,stdcurve_5,NA,NA,NA,NA,NA,NA,boiled_control_4NP_butyrate,boiled_control_4NP_trimethylacetate,boiled_control_4NP_acetamide,TNG + butyrate,TNG + trimethylacetate,TNG + acetamide,NA,NA,NA,NA,NA,NA,NA,NA,NA,NA,NA,NA,NA,NA,NA,NA,NA,NA,NA,NA,NA,NA,NA,NA,NA,NA,NA,NA,NA,NA,NA,NA,NA,NA,NA,NA,NA,NA,NA,NA,NA,NA
1899-12-31T00:00:10Z,37,0.528,0.5189,0.5824,0.0941,0.0984,0.0937,0.1004,0.1006,0.1016,0.0996,0.0997,0.1051,0.4319,0.416,0.3386,0.0933,0.096,0.093,0.1011,0.1008,0.0997,0.0996,0.0994,0.1002,0.0993,0.099,0.1015,0.0931,0.0932,0.0934,0.1044,0.1018,0.1004,0.1001,0.0979,0.0998,0.0942,0.53,0.8847,1.0913,1.4021,1.7153,0.1011,0.0936,0.0981,0.0998,0.1039,0.1029,0.1031,0.1077,0.1008,0.0959,0.1007,0.097,0.1007,0.101,0.1,0.1001,0.1004,0.1003,0.1014,0.1008,0.0982,0.1,0.102,0.1008,0.1018,0.1003,0.1003,0.1002,0.0992,0.0999,0.1007,0.1008,0.1026,0.1021,0.1006,0.1001,0.1018,0.1008,0.101,0.1002,0.1002,0.0993,0.1006,0.1032,0.1074,0.1008,0.1003,0.1003,0.1025,0.1001,0.1001,0.1004,0.1006,0.1035
1899-12-31T00:01:10Z,37,0.6301,0.6138,0.6198,0.094,0.0973,0.0935,0.1003,0.1005,0.1014,0.0995,0.0996,0.105,0.5034,0.4688,0.4061,0.0933,0.0961,0.0929,0.1012,0.1007,0.0996,0.0995,0.0993,0.1,0.0993,0.099,0.1013,0.0931,0.0932,0.0934,0.1019,0.1018,0.1003,0.1,0.0979,0.0996,0.0942,0.5461,0.8442,1.0907,1.4494,1.7212,0.101,0.0934,0.098,0.0996,0.1035,0.1028,0.1059,0.117,0.103,0.0987,0.1058,0.0971,0.1007,0.1009,0.0999,0.1,0.1003,0.1002,0.1013,0.1007,0.0981,0.0999,0.1019,0.1008,0.1019,0.1002,0.1003,0.1002,0.0992,0.0998,0.1006,0.1008,0.1026,0.102,0.1005,0.1001,0.1018,0.1007,0.1008,0.1001,0.1001,0.0991,0.1007,0.1026,0.1074,0.1007,0.1002,0.1003,0.1025,0.1002,0.1,0.1003,0.1006,0.1034
1899-12-31T00:02:10Z,37,0.6423,0.6558,0.6791,0.094,0.0978,0.0935,0.1003,0.1005,0.1013,0.0995,0.0996,0.1048,0.5776,0.5414,0.4632,0.0933,0.096,0.0929,0.1009,0.1006,0.0996,0.0994,0.0993,0.1,0.0995,0.0991,0.102,0.0931,0.0932,0.0934,0.1019,0.1017,0.1003,0.0999,0.0978,0.0996,0.0941,0.5444,0.8699,1.09,1.4501,1.7166,0.1009,0.0936,0.098,0.0997,0.1037,0.1027,0.1105,0.1235,0.1049,0.1011,0.1053,0.0974,0.1006,0.1008,0.1,0.1,0.1003,0.1002,0.1013,0.1006,0.098,0.0998,0.1019,0.1008,0.1018,0.1002,0.1001,0.1001,0.0991,0.0999,0.1006,0.1008,0.1025,0.1021,0.1005,0.1,0.1018,0.1007,0.1008,0.1001,0.1001,0.0994,0.1004,0.1032,0.1073,0.1007,0.1001,0.1002,0.1025,0.0997,0.0999,0.1003,0.1005,0.1033
1899-12-31T00:03:10Z,37,0.6995,0.6953,0.7479,0.0939,0.0978,0.0935,0.1002,0.1005,0.1013,0.0994,0.0996,0.1048,0.6431,0.6078,0.513,0.0933,0.0961,0.0928,0.1008,0.1006,0.0995,0.0995,0.0992,0.1,0.0995,0.0992,0.1018,0.093,0.0932,0.0935,0.1019,0.1017,0.1003,0.0999,0.0978,0.0996,0.0943,0.5433,0.8691,1.1055,1.4544,1.7262,0.101,0.0937,0.098,0.0997,0.1038,0.1027,0.1162,0.1317,0.1096,0.1038,0.1034,0.0975,0.1006,0.1008,0.0999,0.1,0.1003,0.1002,0.1013,0.1007,0.098,0.0998,0.1019,0.1008,0.1018,0.1002,0.1001,0.1001,0.0991,0.0998,0.1005,0.1006,0.1025,0.1021,0.1005,0.1,0.1017,0.1006,0.1008,0.1001,0.1001,0.0994,0.1004,0.103,0.1072,0.1007,0.1002,0.1002,0.1024,0.0996,0.1,0.1002,0.1005,0.1033
1899-12-31T00:04:10Z,37,0.7726,0.7488,0.8104,0.0939,0.0978,0.0935,0.1002,0.1005,0.1012,0.0994,0.0995,0.1047,0.7069,0.6738,0.5703,0.0932,0.096,0.0928,0.1007,0.1006,0.0994,0.0993,0.0991,0.0999,0.0996,0.0992,0.1021,0.093,0.0932,0.0934,0.1018,0.1017,0.1002,0.0998,0.0977,0.0995,0.0942,0.5423,0.8548,1.1069,1.4502,1.7227,0.1009,0.0937,0.098,0.0997,0.1038,0.1026,0.123,0.1359,0.1134,0.1065,0.1069,0.0973,0.1006,0.1008,0.0999,0.0999,0.1005,0.1002,0.1013,0.1006,0.098,0.0997,0.1019,0.1007,0.1018,0.1001,0.1001,0.1,0.099,0.0999,0.1006,0.1006,0.1024,0.102,0.1005,0.1,0.1017,0.1006,0.1008,0.1,0.1,0.0995,0.1004,0.1037,0.1071,0.1007,0.1001,0.1002,0.1025,0.0996,0.0999,0.1002,0.1004,0.1033
1899-12-31T00:05:10Z,36.9,0.847,0.8042,0.866,0.0938,0.0979,0.0933,0.1002,0.1004,0.1012,0.0993,0.0995,0.1047,0.7655,0.7258,0.6116,0.0932,0.0961,0.0927,0.1007,0.1005,0.0994,0.0992,0.0991,0.0998,0.0996,0.0993,0.1023,0.093,0.0931,0.0934,0.1018,0.1016,0.1001,0.0997,0.0977,0.0995,0.0943,0.5418,0.8596,1.0964,1.4453,1.7169,0.1009,0.0937,0.098,0.0997,0.104,0.1026,0.1313,0.135,0.1184,0.1095,0.1062,0.0975,0.1005,0.1007,0.0999,0.0999,0.1007,0.1001,0.1013,0.1006,0.0979,0.0997,0.1019,0.1007,0.1017,0.1001,0.1,0.1001,0.099,0.0998,0.1005,0.1006,0.1024,0.1019,0.1003,0.0999,0.1017,0.1006,0.1008,0.1,0.1001,0.0995,0.1004,0.1041,0.1071,0.1007,0.1001,0.1001,0.1024,0.0995,0.0999,0.1002,0.1004,0.1032
1899-12-31T00:06:10Z,37,0.9071,0.861,0.9181,0.0938,0.0979,0.0933,0.1001,0.1004,0.1012,0.0993,0.0994,0.1047,0.8147,0.7776,0.6506,0.0931,0.096,0.0927,0.1006,0.1005,0.0994,0.0992,0.0991,0.0998,0.0996,0.0993,0.1021,0.0928,0.093,0.0933,0.1017,0.1016,0.1002,0.0997,0.0976,0.0994,0.094,0.5405,0.8575,1.0953,1.4399,1.7164,0.1009,0.0936,0.0979,0.0996,0.1039,0.1026,0.1382,0.1356,0.126,0.1125,0.1056,0.0974,0.1005,0.1007,0.0998,0.0998,0.1002,0.1001,0.1012,0.1005,0.0979,0.0997,0.1018,0.1006,0.1017,0.1,0.1,0.1,0.099,0.0998,0.1005,0.1006,0.1024,0.1019,0.1004,0.0999,0.1017,0.1005,0.1007,0.0999,0.1,0.0994,0.1004,0.1031,0.1071,0.1006,0.1001,0.1001,0.1024,0.0995,0.0999,0.1001,0.1004,0.1032
1899-12-31T00:07:10Z,37,0.9617,0.9164,0.9692,0.0939,0.098,0.0933,0.1002,0.1003,0.1012,0.0994,0.0994,0.1049,0.8629,0.8261,0.6861,0.0931,0.0959,0.0927,0.1008,0.1005,0.0994,0.0993,0.0991,0.0998,0.0996,0.0993,0.1017,0.0928,0.093,0.0932,0.1018,0.1016,0.1001,0.0998,0.0977,0.0995,0.0941,0.5401,0.8592,1.0903,1.4364,1.7095,0.1008,0.0935,0.0979,0.0996,0.1039,0.1025,0.1448,0.1418,0.1344,0.1156,0.1096,0.0973,0.1005,0.1007,0.0998,0.0999,0.1001,0.1,0.1012,0.1005,0.0979,0.0996,0.1018,0.1007,0.1018,0.1,0.1,0.1,0.0989,0.0997,0.1004,0.1006,0.1024,0.1021,0.1004,0.0999,0.1016,0.1005,0.1007,0.0999,0.1,0.0992,0.1004,0.1022,0.1072,0.1006,0.1,0.1001,0.1023,0.0996,0.0999,0.1001,0.1003,0.1032
1899-12-31T00:08:10Z,36.9,1.0183,0.9635,1.023,0.0938,0.0982,0.0933,0.1001,0.1004,0.1012,0.0993,0.0994,0.1048,0.9068,0.8704,0.7264,0.0931,0.0959,0.0927,0.1007,0.1004,0.0994,0.0993,0.0991,0.0998,0.0997,0.0994,0.1021,0.0929,0.0931,0.0932,0.1017,0.1016,0.1001,0.0997,0.0977,0.0995,0.094,0.539,0.8564,1.0952,1.4298,1.7016,0.1008,0.0936,0.0979,0.0996,0.1039,0.1026,0.1539,0.1503,0.1405,0.1188,0.1081,0.0975,0.1005,0.1007,0.0998,0.0998,0.1001,0.1001,0.1012,0.1006,0.0979,0.0997,0.1018,0.1006,0.1017,0.1,0.1,0.1,0.099,0.0997,0.1005,0.1006,0.1024,0.102,0.1004,0.0999,0.1016,0.1005,0.1007,0.0999,0.1,0.0992,0.1004,0.1026,0.1072,0.1006,0.1001,0.1001,0.1024,0.0996,0.0999,0.1002,0.1003,0.1032
1899-12-31T00:09:10Z,37,1.0765,1.0129,1.0779,0.0937,0.0982,0.0932,0.1002,0.1004,0.1011,0.0993,0.0993,0.1048,0.9444,0.9084,0.7567,0.0931,0.0958,0.0928,0.1007,0.1005,0.0994,0.0993,0.0991,0.0998,0.0999,0.0994,0.1025,0.0929,0.0931,0.0932,0.1017,0.1016,0.1002,0.0997,0.0977,0.0995,0.094,0.538,0.8582,1.092,1.4256,1.7051,0.1008,0.0935,0.0979,0.0996,0.1038,0.1025,0.1605,0.1462,0.1486,0.1219,0.1047,0.0975,0.1005,0.1007,0.0998,0.0998,0.1001,0.1001,0.1012,0.1005,0.0979,0.0997,0.1018,0.1006,0.1017,0.1,0.1,0.1,0.0989,0.0997,0.1005,0.1006,0.1024,0.102,0.1004,0.0999,0.1016,0.1005,0.1007,0.0999,0.1,0.0992,0.1004,0.1025,0.1072,0.1006,0.1001,0.1001,0.1024,0.0996,0.0998,0.1001,0.1003,0.1032
1899-12-31T00:10:10Z,37,1.1343,1.0638,1.1341,0.0937,0.0986,0.0931,0.1001,0.1003,0.1011,0.0993,0.0993,0.1047,0.9788,0.9438,0.7895,0.093,0.0958,0.0924,0.1006,0.1004,0.0994,0.0992,0.099,0.0997,0.0999,0.0994,0.1023,0.0929,0.093,0.0931,0.1017,0.1016,0.1001,0.0996,0.0976,0.0994,0.0939,0.5368,0.857,1.0924,1.4191,1.7,0.1008,0.0936,0.0979,0.0996,0.1039,0.1025,0.1698,0.1571,0.1534,0.1252,0.1141,0.0978,0.1004,0.1006,0.0998,0.0998,0.1,0.1,0.1011,0.1005,0.0979,0.0996,0.1018,0.1006,0.1016,0.1,0.0999,0.0999,0.0989,0.0996,0.1004,0.1005,0.1023,0.102,0.1004,0.0998,0.1016,0.1004,0.1006,0.0999,0.0999,0.0992,0.1003,0.1024,0.1072,0.1006,0.1001,0.1001,0.1023,0.0995,0.0998,0.1001,0.1003,0.1031
1899-12-31T00:11:10Z,37,1.1944,1.1143,1.1913,0.0938,0.0992,0.0932,0.1001,0.1003,0.1012,0.0993,0.0994,0.1048,1.0098,0.9771,0.8222,0.0931,0.0958,0.0926,0.1007,0.1004,0.0994,0.0993,0.0991,0.0998,0.0999,0.0995,0.1022,0.0929,0.0931,0.0931,0.1017,0.1016,0.1001,0.0997,0.0977,0.0994,0.0939,0.5357,0.8563,1.0904,1.4166,1.7013,0.1007,0.0935,0.0979,0.0995,0.1039,0.1025,0.1803,0.1658,0.1575,0.1285,0.1059,0.0973,0.1004,0.1007,0.0998,0.0998,0.1001,0.1,0.1012,0.1005,0.0979,0.0996,0.1018,0.1006,0.1017,0.1,0.1,0.0999,0.0989,0.0997,0.1005,0.1006,0.1023,0.102,0.1004,0.0999,0.1016,0.1005,0.1006,0.0999,0.0999,0.0992,0.1004,0.1023,0.1072,0.1006,0.1,0.1001,0.1023,0.0996,0.0998,0.1001,0.1003,0.1032
1899-12-31T00:12:10Z,37,1.2555,1.1686,1.248,0.0937,0.0984,0.0931,0.1001,0.1003,0.1011,0.0992,0.0994,0.1047,1.0357,1.0058,0.8507,0.0931,0.0957,0.0925,0.1007,0.1004,0.0994,0.0992,0.099,0.0997,0.0999,0.0996,0.1023,0.0927,0.093,0.0931,0.1017,0.1016,0.1001,0.0997,0.0976,0.0994,0.0938,0.5348,0.8552,1.0875,1.4134,1.7014,0.1008,0.0935,0.0978,0.0995,0.1038,0.1024,0.1893,0.1809,0.1601,0.1319,0.1138,0.0977,0.1004,0.1007,0.0998,0.0998,0.1001,0.1,0.1011,0.1005,0.0979,0.0996,0.1017,0.1006,0.1016,0.1,0.1,0.0999,0.0989,0.0997,0.1004,0.1006,0.1023,0.102,0.1003,0.0999,0.1016,0.1004,0.1006,0.0999,0.0999,0.0992,0.1003,0.1023,0.1072,0.1006,0.1,0.1001,0.1023,0.0997,0.0998,0.1001,0.1003,0.1032
1899-12-31T00:13:10Z,37,1.3184,1.2188,1.3068,0.0937,0.0986,0.093,0.1001,0.1003,0.1011,0.0992,0.0993,0.1048,1.0604,1.0327,0.8796,0.0931,0.0958,0.0926,0.1007,0.1004,0.0993,0.0992,0.099,0.0997,0.1,0.0996,0.1023,0.0928,0.0929,0.093,0.1016,0.1015,0.1001,0.0997,0.0976,0.0994,0.0938,0.5333,0.8532,1.0868,1.4118,1.6993,0.1007,0.0935,0.0978,0.0995,0.1038,0.1025,0.1921,0.1735,0.1667,0.1353,0.1046,0.0973,0.1004,0.1007,0.0997,0.0997,0.1,0.1,0.1011,0.1004,0.0979,0.0996,0.1017,0.1006,0.1016,0.0999,0.0999,0.0999,0.0988,0.0997,0.1004,0.1005,0.1023,0.102,0.1003,0.0998,0.1015,0.1004,0.1006,0.0998,0.0999,0.0991,0.1003,0.102,0.1071,0.1006,0.1,0.1,0.1023,0.0996,0.0998,0.1001,0.1003,0.1031
1899-12-31T00:14:10Z,37,1.3803,1.2734,1.3667,0.0936,0.0981,0.0931,0.1,0.1003,0.1011,0.0992,0.0993,0.1047,1.0818,1.0558,0.9077,0.093,0.0957,0.0924,0.1006,0.1004,0.0993,0.0992,0.099,0.0997,0.1,0.0997,0.1026,0.0928,0.093,0.0931,0.1017,0.1015,0.1001,0.0996,0.0976,0.0994,0.0937,0.5318,0.8509,1.0821,1.4072,1.6953,0.1007,0.0936,0.0979,0.0995,0.1039,0.1025,0.197,0.172,0.1683,0.1388,0.1045,0.0977,0.1004,0.1006,0.0997,0.0997,0.1,0.1,0.1012,0.1005,0.0979,0.0997,0.1017,0.1006,0.1016,0.0999,0.0999,0.0999,0.0988,0.0997,0.1005,0.1005,0.1023,0.1019,0.1003,0.0998,0.1016,0.1005,0.1006,0.0999,0.0999,0.0992,0.1003,0.1023,0.1071,0.1006,0.1,0.1,0.1023,0.0996,0.0998,0.1001,0.1003,0.1031
1899-12-31T00:15:10Z,37,1.4431,1.3292,1.4222,0.0938,0.0994,0.0929,0.1001,0.1003,0.1011,0.0993,0.0994,0.1047,1.0996,1.075,0.9326,0.0931,0.0957,0.0925,0.1006,0.1004,0.0993,0.0992,0.099,0.0997,0.1001,0.0998,0.1026,0.0928,0.0929,0.0931,0.1016,0.1016,0.1,0.0996,0.0976,0.0994,0.0937,0.5304,0.8483,1.0794,1.4006,1.6879,0.1008,0.0936,0.0979,0.0995,0.1039,0.1025,0.2013,0.1767,0.1683,0.1424,0.1047,0.0978,0.1004,0.1006,0.0997,0.0998,0.1,0.1,0.1012,0.1004,0.0979,0.0996,0.1016,0.1006,0.1016,0.0999,0.1,0.0999,0.0988,0.0996,0.1005,0.1005,0.1023,0.102,0.1003,0.0998,0.1015,0.1005,0.1006,0.0999,0.0999,0.0992,0.1003,0.1021,0.1072,0.1006,0.1,0.1001,0.1024,0.0996,0.0998,0.1001,0.1003,0.1032
1899-12-31T00:16:10Z,36.9,1.5046,1.3878,1.4822,0.0937,0.0966,0.093,0.1001,0.1003,0.1011,0.0993,0.0993,0.1047,1.1169,1.0938,0.9601,0.093,0.0957,0.0924,0.1006,0.1004,0.0993,0.0992,0.099,0.0997,0.1001,0.0998,0.1027,0.0927,0.093,0.0931,0.1016,0.1016,0.1,0.0996,0.0976,0.0993,0.0937,0.5286,0.8453,1.0756,1.3973,1.6847,0.1007,0.0936,0.0978,0.0995,0.1039,0.1024,0.2088,0.1925,0.1686,0.146,0.1054,0.0976,0.1003,0.1006,0.0997,0.0997,0.1,0.0999,0.1011,0.1005,0.0979,0.0997,0.1017,0.1006,0.1016,0.0999,0.0999,0.0999,0.0989,0.0996,0.1004,0.1005,0.1023,0.1019,0.1003,0.0998,0.1016,0.1004,0.1006,0.0998,0.0999,0.0992,0.1003,0.1023,0.1072,0.1006,0.1,0.1,0.1023,0.0996,0.0998,0.1001,0.1003,0.1031
1899-12-31T00:17:10Z,37,1.5631,1.446,1.5415,0.0937,0.0975,0.093,0.1001,0.1003,0.1011,0.0992,0.0993,0.1048,1.1326,1.111,0.986,0.093,0.0956,0.0925,0.1006,0.1004,0.0993,0.0992,0.099,0.0997,0.1002,0.0998,0.1027,0.0927,0.0929,0.0931,0.1016,0.1015,0.1,0.0996,0.0976,0.0993,0.0938,0.5268,0.8425,1.0731,1.3919,1.6823,0.1007,0.0936,0.0978,0.0995,0.1039,0.1024,0.2131,0.2035,0.1728,0.1497,0.105,0.0977,0.1004,0.1007,0.0997,0.0997,0.1,0.1,0.1011,0.1005,0.0979,0.0996,0.1017,0.1005,0.1015,0.0999,0.0999,0.0998,0.0988,0.0996,0.1004,0.1005,0.1022,0.102,0.1004,0.0998,0.1016,0.1004,0.1006,0.0999,0.0999,0.0992,0.1003,0.1021,0.1072,0.1005,0.1,0.1,0.1023,0.0996,0.0998,0.1,0.1003,0.1032
1899-12-31T00:18:10Z,37,1.6226,1.5042,1.6026,0.0937,0.0972,0.0932,0.1001,0.1003,0.1011,0.0993,0.0993,0.1047,1.1461,1.1265,1.0111,0.0929,0.0956,0.0924,0.1006,0.1004,0.0993,0.0991,0.099,0.0997,0.1002,0.0999,0.1029,0.0928,0.0928,0.0931,0.1016,0.1016,0.1001,0.0996,0.0976,0.0994,0.0938,0.5251,0.8395,1.0689,1.387,1.677,0.1007,0.0936,0.0978,0.0994,0.104,0.1025,0.2145,0.2072,0.1747,0.1534,0.1119,0.0975,0.1004,0.1006,0.0997,0.0997,0.1,0.1,0.1011,0.1005,0.0979,0.0997,0.1017,0.1005,0.1015,0.0999,0.0999,0.0998,0.0989,0.0996,0.1005,0.1005,0.1022,0.102,0.1003,0.0998,0.1015,0.1004,0.1006,0.0999,0.0999,0.0991,0.1003,0.1022,0.1072,0.1006,0.1,0.1001,0.1023,0.0997,0.0998,0.1001,0.1003,0.1031
1899-12-31T00:19:10Z,37,1.6707,1.5608,1.6599,0.0937,0.0994,0.0931,0.1001,0.1003,0.1011,0.0993,0.0992,0.1047,1.1577,1.14,1.0358,0.0932,0.0959,0.0924,0.1006,0.1004,0.0993,0.0991,0.099,0.0997,0.1003,0.0999,0.1029,0.0927,0.0929,0.0931,0.1016,0.1015,0.1,0.0995,0.0976,0.0994,0.0937,0.5234,0.8363,1.0647,1.3815,1.6707,0.1007,0.0936,0.0979,0.0995,0.104,0.1024,0.2223,0.2058,0.1744,0.1572,0.1056,0.0977,0.1004,0.1006,0.0997,0.0997,0.1,0.1,0.1011,0.1005,0.098,0.0997,0.1017,0.1006,0.1016,0.1,0.0999,0.0999,0.0988,0.0997,0.1005,0.1005,0.1022,0.102,0.1003,0.0998,0.1015,0.1004,0.1006,0.0999,0.0999,0.0992,0.1003,0.1023,0.1072,0.1006,0.0999,0.1,0.1023,0.0996,0.0998,0.1,0.1003,0.1031
1899-12-31T00:20:10Z,37,1.721,1.6148,1.7197,0.0937,0.0988,0.0931,0.1001,0.1003,0.1011,0.0992,0.0993,0.1047,1.1673,1.1518,1.0591,0.0931,0.0958,0.0925,0.1006,0.1004,0.0993,0.0991,0.099,0.0997,0.1003,0.1,0.1031,0.0927,0.0929,0.0932,0.1016,0.1016,0.1,0.0996,0.0976,0.0993,0.0938,0.5218,0.8334,1.0615,1.3765,1.6651,0.1007,0.0936,0.0979,0.0995,0.1041,0.1024,0.2247,0.2128,0.1794,0.1611,0.1068,0.0977,0.1004,0.1006,0.0997,0.0997,0.1,0.1,0.1011,0.1004,0.0979,0.0997,0.1017,0.1006,0.1015,0.0999,0.0999,0.0999,0.0988,0.0997,0.1005,0.1005,0.1023,0.102,0.1003,0.0998,0.1015,0.1004,0.1006,0.0999,0.0999,0.0992,0.1002,0.1024,0.1072,0.1005,0.1,0.1,0.1023,0.0997,0.0998,0.1001,0.1003,0.1031
1899-12-31T00:21:10Z,37,1.7664,1.6759,1.7755,0.0938,0.0988,0.093,0.1001,0.1003,0.1011,0.0992,0.0993,0.1047,1.1752,1.1617,1.0812,0.093,0.0956,0.0923,0.1006,0.1003,0.0993,0.0991,0.099,0.0997,0.1003,0.1001,0.1031,0.0927,0.0928,0.0931,0.1016,0.1015,0.1,0.0996,0.0976,0.0994,0.0938,0.5207,0.8311,1.0579,1.3711,1.6595,0.1007,0.0937,0.0979,0.0995,0.1041,0.1025,0.2302,0.1805,0.1766,0.1649,0.109,0.0975,0.1003,0.1005,0.0997,0.0997,0.1,0.1,0.1011,0.1004,0.0979,0.0997,0.1017,0.1005,0.1016,0.0999,0.0999,0.0999,0.0988,0.0996,0.1004,0.1005,0.1022,0.102,0.1003,0.0998,0.1015,0.1004,0.1006,0.0999,0.0998,0.0991,0.1003,0.1024,0.1072,0.1006,0.1,0.1,0.1023,0.0997,0.0998,0.1001,0.1002,0.1031
1899-12-31T00:22:10Z,37,1.8035,1.7268,1.8317,0.0937,0.0988,0.0933,0.1001,0.1003,0.1011,0.0992,0.0993,0.1047,1.1816,1.1702,1.1021,0.0931,0.0958,0.0925,0.1006,0.1004,0.0993,0.0991,0.099,0.0997,0.1005,0.1002,0.1033,0.0928,0.0928,0.0932,0.1016,0.1016,0.1,0.0996,0.0977,0.0993,0.0938,0.5196,0.8288,1.0546,1.367,1.6538,0.1007,0.0937,0.0979,0.0995,0.1041,0.1025,0.2355,0.1866,0.1691,0.1687,0.1061,0.098,0.1004,0.1006,0.0998,0.0998,0.1,0.1,0.1011,0.1004,0.0979,0.0997,0.1017,0.1005,0.1015,0.0999,0.0999,0.0999,0.0988,0.0996,0.1005,0.1005,0.1023,0.102,0.1003,0.0998,0.1015,0.1004,0.1006,0.0999,0.0999,0.0992,0.1003,0.1025,0.1072,0.1006,0.1,0.1,0.1023,0.0997,0.0998,0.1001,0.1003,0.1031
1899-12-31T00:23:10Z,36.9,1.8319,1.778,1.8793,0.0937,0.0965,0.0931,0.1001,0.1002,0.1011,0.0993,0.0993,0.1047,1.1865,1.1774,1.1209,0.0931,0.0957,0.0924,0.1005,0.1003,0.0993,0.0991,0.099,0.0997,0.1005,0.1002,0.1033,0.0928,0.0928,0.0931,0.1016,0.1015,0.1,0.0996,0.0976,0.0993,0.0938,0.5188,0.8262,1.0522,1.3631,1.6504,0.1007,0.0937,0.0978,0.0995,0.1041,0.1024,0.2393,0.1856,0.1675,0.1727,0.1058,0.0977,0.1003,0.1006,0.0997,0.0997,0.1,0.1,0.1011,0.1004,0.0979,0.0997,0.1017,0.1005,0.1016,0.0999,0.0999,0.0999,0.0988,0.0996,0.1005,0.1005,0.1022,0.102,0.1003,0.0998,0.1015,0.1004,0.1006,0.0998,0.0999,0.0992,0.1002,0.1025,0.1072,0.1005,0.0999,0.1,0.1023,0.0997,0.0998,0.1,0.1003,0.1031
1899-12-31T00:24:10Z,37,1.8479,1.8315,1.9238,0.0937,0.0968,0.093,0.1,0.1003,0.1011,0.0993,0.0994,0.1047,1.1905,1.1833,1.1375,0.093,0.0956,0.0925,0.1006,0.1003,0.0993,0.099,0.099,0.0997,0.1004,0.1003,0.1033,0.0927,0.0929,0.0931,0.1016,0.1015,0.1,0.0996,0.0976,0.0993,0.0937,0.5183,0.8243,1.0489,1.3618,1.6493,0.1007,0.0937,0.0979,0.0995,0.1042,0.1024,0.2506,0.1702,0.1676,0.1766,0.1053,0.0978,0.1003,0.1006,0.0997,0.0997,0.1,0.1,0.1011,0.1004,0.0979,0.0997,0.1017,0.1005,0.1015,0.0999,0.0999,0.0998,0.0988,0.0996,0.1005,0.1004,0.1023,0.102,0.1003,0.0998,0.1015,0.1005,0.1006,0.0999,0.0999,0.0992,0.1003,0.1024,0.1072,0.1006,0.1,0.1,0.1023,0.0997,0.0998,0.1,0.1002,0.1031
1899-12-31T00:25:10Z,37,1.8562,1.8849,1.9604,0.0937,0.0989,0.0931,0.1001,0.1003,0.1011,0.0993,0.0994,0.1048,1.1933,1.1875,1.1518,0.0932,0.0958,0.0924,0.1006,0.1004,0.0993,0.0991,0.099,0.0997,0.1005,0.1004,0.1034,0.0929,0.0929,0.093,0.1016,0.1016,0.1001,0.0996,0.0976,0.0994,0.0937,0.5181,0.8228,1.0473,1.3599,1.6511,0.1007,0.0938,0.0979,0.0995,0.1041,0.1025,0.2539,0.1809,0.1639,0.1809,0.1066,0.098,0.1004,0.1006,0.0998,0.0997,0.1,0.1,0.1011,0.1004,0.098,0.0998,0.1017,0.1006,0.1016,0.1,0.0999,0.0999,0.0989,0.0997,0.1005,0.1005,0.1023,0.1023,0.1003,0.0998,0.1016,0.1005,0.1006,0.0999,0.0999,0.0992,0.1003,0.1023,0.1072,0.1006,0.1,0.1001,0.1023,0.0997,0.0998,0.1,0.1003,0.1032
1899-12-31T00:26:10Z,37,1.8613,1.9335,1.9902,0.0936,0.164,0.0932,0.1001,0.1003,0.1011,0.0993,0.0993,0.1047,1.1964,1.1912,1.1642,0.093,0.0957,0.0924,0.1006,0.1003,0.0993,0.0991,0.099,0.0997,0.1006,0.1004,0.1035,0.0928,0.0929,0.0932,0.1016,0.1015,0.1,0.0996,0.0976,0.0993,0.0938,0.5181,0.822,1.0467,1.3607,1.6496,0.1007,0.0938,0.0979,0.0995,0.1042,0.1024,0.261,0.1868,0.1561,0.1849,0.1099,0.0979,0.1004,0.1005,0.0997,0.0997,0.1,0.1,0.1011,0.1004,0.098,0.0997,0.1017,0.1005,0.1016,0.0999,0.0999,0.0999,0.0988,0.0996,0.1005,0.1004,0.1023,0.1023,0.1003,0.0998,0.1015,0.1004,0.1006,0.0999,0.0999,0.0992,0.1003,0.1024,0.1072,0.1006,0.1,0.1,0.1024,0.0997,0.0998,0.1,0.1003,0.1031
1899-12-31T00:27:10Z,37,1.8637,1.9784,2.0051,0.0938,0.0971,0.093,0.1001,0.1003,0.1011,0.0992,0.0993,0.1048,1.1981,1.1937,1.1743,0.0931,0.0958,0.0924,0.1006,0.1004,0.0993,0.0991,0.099,0.0997,0.1006,0.1005,0.1035,0.0929,0.093,0.0932,0.1016,0.1015,0.1001,0.0997,0.0977,0.0994,0.0937,0.5178,0.8216,1.0472,1.3609,1.6472,0.1007,0.0938,0.0979,0.0995,0.1042,0.1025,0.2739,0.1912,0.1509,0.189,0.1057,0.0977,0.1004,0.1006,0.0997,0.0997,0.1001,0.1,0.1011,0.1005,0.0979,0.0998,0.1017,0.1005,0.1016,0.1,0.0999,0.0999,0.0989,0.0997,0.1005,0.1005,0.1023,0.1025,0.1003,0.0998,0.1016,0.1005,0.1006,0.0999,0.0999,0.0992,0.1003,0.1024,0.1072,0.1006,0.1,0.1,0.1023,0.0998,0.0998,0.1,0.1003,0.1031
1899-12-31T00:28:10Z,37,1.8648,2.0153,2.0096,0.0937,0.0967,0.093,0.1001,0.1003,0.1012,0.0993,0.0993,0.1049,1.1994,1.196,1.1829,0.0931,0.0957,0.0924,0.1006,0.1004,0.0993,0.0991,0.099,0.0997,0.1007,0.1005,0.1033,0.0927,0.0929,0.0931,0.1016,0.1016,0.1,0.0997,0.0976,0.0993,0.0937,0.5173,0.8217,1.0479,1.3594,1.6443,0.1007,0.0937,0.0979,0.0995,0.1041,0.1024,0.2871,0.2109,0.1451,0.1932,0.1059,0.0977,0.1004,0.1006,0.0997,0.0997,0.1,0.1,0.1011,0.1004,0.098,0.0997,0.1017,0.1005,0.1017,0.0999,0.0999,0.0999,0.0989,0.0996,0.1005,0.1005,0.1023,0.1029,0.1003,0.0998,0.1015,0.1004,0.1006,0.0998,0.0999,0.0991,0.1003,0.102,0.1073,0.1005,0.1,0.1,0.1023,0.0999,0.0998,0.1001,0.1003,0.1031
1899-12-31T00:29:10Z,37,1.8679,2.0447,2.014,0.0937,0.0975,0.0931,0.1001,0.1002,0.1011,0.0992,0.0993,0.1048,1.201,1.1978,1.1907,0.0931,0.0957,0.0924,0.1006,0.1003,0.0993,0.0991,0.099,0.0996,0.1007,0.1005,0.1034,0.0928,0.0929,0.093,0.1016,0.1015,0.1,0.0996,0.0976,0.0993,0.0938,0.5167,0.8216,1.0483,1.3571,1.6421,0.1007,0.0937,0.0979,0.0995,0.1041,0.1024,0.2936,0.2228,0.1508,0.1973,0.123,0.0978,0.1004,0.1005,0.0997,0.0997,0.1,0.0999,0.1011,0.1004,0.0979,0.0997,0.1017,0.1005,0.1016,0.0999,0.0999,0.0998,0.0988,0.0996,0.1004,0.1004,0.1022,0.1034,0.1003,0.0997,0.1015,0.1004,0.1006,0.0998,0.0999,0.099,0.1003,0.1019,0.1072,0.1005,0.1,0.1,0.1023,0.0998,0.0998,0.1,0.1002,0.1031
1899-12-31T00:30:10Z,37,1.8664,2.0621,2.0106,0.0938,0.0971,0.0932,0.1001,0.1003,0.1011,0.0993,0.0993,0.1047,1.2018,1.1988,1.1966,0.0932,0.0957,0.0926,0.1005,0.1003,0.0994,0.0991,0.099,0.0997,0.1007,0.1006,0.1037,0.0929,0.0929,0.0932,0.1016,0.1016,0.1,0.0996,0.0977,0.0994,0.0938,0.5161,0.821,1.0473,1.3558,1.6393,0.1007,0.0938,0.0979,0.0995,0.1042,0.1024,0.3043,0.201,0.1553,0.2015,0.1101,0.0977,0.1004,0.1006,0.0997,0.0997,0.1,0.1,0.1011,0.1004,0.0979,0.0997,0.1017,0.1005,0.1016,0.1,0.0999,0.0998,0.0988,0.0996,0.1005,0.1005,0.1023,0.104,0.1003,0.0998,0.1015,0.1004,0.1006,0.0999,0.0999,0.0991,0.1002,0.1023,0.1072,0.1005,0.1,0.1,0.1023,0.0998,0.0998,0.1001,0.1003,0.1031
1899-12-31T00:31:10Z,36.9,1.8678,2.0722,2.012,0.0938,0.0999,0.0931,0.1001,0.1002,0.1011,0.0993,0.0993,0.1047,1.2033,1.2,1.2016,0.0931,0.0957,0.0924,0.1006,0.1003,0.0993,0.0991,0.099,0.0996,0.1007,0.1007,0.1036,0.0929,0.0928,0.0931,0.1015,0.1015,0.1,0.0996,0.0976,0.0993,0.0937,0.5154,0.8197,1.0466,1.3538,1.6364,0.1006,0.0938,0.0979,0.0995,0.1042,0.1024,0.3089,0.1933,0.1534,0.2056,0.1082,0.0981,0.1003,0.1006,0.0997,0.0997,0.1,0.1,0.1011,0.1003,0.0979,0.0997,0.1017,0.1005,0.1015,0.0999,0.0999,0.0999,0.0988,0.0997,0.1004,0.1005,0.1022,0.1049,0.1003,0.0997,0.1015,0.1004,0.1006,0.0998,0.0999,0.0991,0.1002,0.1021,0.1072,0.1006,0.0999,0.1,0.1023,0.0998,0.0998,0.1,0.1003,0.1031
1899-12-31T00:32:10Z,37,1.868,2.0764,2.0131,0.0938,0.0976,0.0931,0.1,0.1003,0.1011,0.0993,0.0993,0.1048,1.2039,1.2003,1.2052,0.0931,0.0956,0.0924,0.1006,0.1004,0.0993,0.0991,0.099,0.0997,0.1007,0.1007,0.1036,0.093,0.0929,0.0932,0.1015,0.1015,0.1,0.0997,0.0976,0.0993,0.0936,0.5147,0.8192,1.0449,1.3532,1.6345,0.1007,0.0938,0.0979,0.0995,0.1042,0.1024,0.3037,0.1861,0.1524,0.2099,0.1062,0.0977,0.1004,0.1006,0.0997,0.0997,0.1,0.1,0.1011,0.1004,0.0979,0.0997,0.1017,0.1005,0.1016,0.0999,0.0999,0.0998,0.0989,0.0996,0.1005,0.1005,0.1023,0.1057,0.1003,0.0998,0.1015,0.1004,0.1006,0.0999,0.0998,0.0991,0.1003,0.1019,0.1072,0.1006,0.1,0.1,0.1023,0.0998,0.0998,0.1,0.1002,0.1031
1899-12-31T00:33:10Z,37,1.8703,2.0783,2.0158,0.0938,0.0991,0.093,0.1001,0.1003,0.1011,0.0993,0.0994,0.1048,1.2059,1.2009,1.2089,0.0931,0.0957,0.0923,0.1006,0.1004,0.0993,0.0991,0.099,0.0997,0.1008,0.1008,0.1038,0.0929,0.093,0.0932,0.1016,0.1016,0.1,0.0996,0.0977,0.0993,0.0938,0.5141,0.8178,1.0439,1.3515,1.6313,0.1007,0.0938,0.0979,0.0995,0.1043,0.1025,0.3102,0.2065,0.1542,0.2141,0.1166,0.0979,0.1003,0.1006,0.0997,0.0997,0.1,0.1,0.1011,0.1004,0.098,0.0998,0.1017,0.1005,0.1017,0.1,0.0999,0.0999,0.0988,0.0997,0.1005,0.1005,0.1023,0.1062,0.1003,0.0998,0.1015,0.1004,0.1006,0.0999,0.0999,0.0991,0.1003,0.1023,0.1073,0.1006,0.1,0.1001,0.1024,0.0999,0.0998,0.1,0.1003,0.1031
1899-12-31T00:34:10Z,37,1.8716,2.0781,2.0179,0.0936,0.0988,0.0931,0.1001,0.1003,0.1011,0.0993,0.0993,0.1048,1.207,1.2011,1.2117,0.0931,0.0956,0.0924,0.1006,0.1003,0.0993,0.099,0.099,0.0997,0.1008,0.1008,0.1037,0.0929,0.0929,0.0933,0.1015,0.1015,0.1,0.0996,0.0977,0.0993,0.0939,0.5135,0.8169,1.0423,1.35,1.6297,0.1007,0.0938,0.0979,0.0995,0.1043,0.1024,0.3151,0.2102,0.157,0.2183,0.1085,0.0977,0.1003,0.1006,0.0997,0.0997,0.1,0.1,0.1011,0.1004,0.098,0.0998,0.1017,0.1005,0.1016,0.0999,0.0999,0.0998,0.0988,0.0996,0.1005,0.1004,0.1023,0.1071,0.1003,0.0998,0.1016,0.1004,0.1006,0.0999,0.0998,0.0991,0.1003,0.102,0.1073,0.1006,0.1,0.1,0.1023,0.0999,0.0998,0.1,0.1002,0.1031
1899-12-31T00:35:10Z,36.9,1.8679,2.0746000000000002,2.0182,0.0937,0.0971,0.0932,0.1001,0.1002,0.1011,0.0993,0.0993,0.1048,1.2071,1.2009,1.2139,0.0932,0.0956,0.0924,0.1006,0.1003,0.0993,0.0991,0.099,0.0996,0.1008,0.1008,0.1037,0.0929,0.0928,0.0931,0.1015,0.1015,0.1,0.0996,0.0976,0.0993,0.0936,0.5128,0.816,1.0413,1.3486,1.6291,0.1006,0.0938,0.0978,0.0995,0.1042,0.1024,0.3237,0.1971,0.1619,0.2224,0.1074,0.0979,0.1003,0.1005,0.0996,0.0997,0.1,0.0999,0.1011,0.1004,0.0979,0.0997,0.1016,0.1005,0.1016,0.0999,0.0999,0.0998,0.0988,0.0996,0.1004,0.1005,0.1022,0.1076,0.1003,0.0998,0.1015,0.1004,0.1006,0.0998,0.0998,0.099,0.1002,0.1019,0.1072,0.1005,0.1,0.1,0.1023,0.0998,0.0998,0.1,0.1003,0.1031
1899-12-31T00:36:10Z,37,1.8699,2.0767,2.017,0.0937,0.0972,0.0932,0.1,0.1003,0.1011,0.0992,0.0993,0.1048,1.2073,1.201,1.2156,0.0933,0.0957,0.0925,0.1005,0.1003,0.0993,0.0991,0.099,0.0996,0.1009,0.101,0.104,0.0928,0.0929,0.0932,0.1015,0.1016,0.1,0.0996,0.0976,0.0993,0.0937,0.5125,0.8149,1.04,1.3476,1.6397,0.1007,0.0939,0.0979,0.0995,0.1042,0.1025,0.3235,0.231,0.1569,0.2268,0.109,0.0978,0.1003,0.1005,0.0997,0.0997,0.1,0.1,0.1011,0.1004,0.0979,0.0998,0.1017,0.1005,0.1017,0.0999,0.0999,0.0998,0.0988,0.0997,0.1005,0.1005,0.1023,0.108,0.1004,0.0998,0.1015,0.1004,0.1006,0.0999,0.0998,0.0992,0.1003,0.1024,0.1073,0.1005,0.1,0.1,0.1023,0.0999,0.0998,0.1001,0.1003,0.103
1899-12-31T00:37:10Z,37,1.8692,2.0773,2.015,0.0937,0.0971,0.0931,0.1001,0.1003,0.1011,0.0992,0.0993,0.1047,1.2071,1.2011,1.2171,0.0932,0.0957,0.0925,0.1005,0.1003,0.0993,0.099,0.099,0.0997,0.1009,0.101,0.1041,0.093,0.0929,0.0932,0.1015,0.1016,0.1,0.0996,0.0977,0.0994,0.0938,0.512,0.8146,1.0385,1.345,1.6384,0.1006,0.0939,0.0979,0.0995,0.1043,0.1024,0.3291,0.1913,0.1492,0.231,0.1085,0.0978,0.1003,0.1006,0.0997,0.0997,0.1,0.1,0.1011,0.1004,0.098,0.0998,0.1017,0.1004,0.1017,0.0999,0.0999,0.0998,0.0988,0.0997,0.1005,0.1005,0.1023,0.1084,0.1003,0.0997,0.1015,0.1004,0.1006,0.0998,0.0999,0.0992,0.1003,0.1023,0.1073,0.1006,0.1,0.1,0.1023,0.0998,0.0998,0.1,0.1003,0.1031
1899-12-31T00:38:10Z,37,1.87,2.0801,2.013,0.0938,0.098,0.0931,0.1,0.1002,0.101,0.0992,0.0993,0.1047,1.2064,1.2014,1.2184,0.0931,0.0956,0.0924,0.1005,0.1003,0.0993,0.099,0.099,0.0997,0.101,0.101,0.1041,0.0929,0.0929,0.093,0.1015,0.1015,0.1,0.0995,0.0976,0.0993,0.0938,0.5116,0.8132,1.0378,1.3436,1.6247,0.1006,0.0938,0.0978,0.0995,0.1043,0.1024,0.3352,0.2157,0.1528,0.2352,0.1187,0.0978,0.1003,0.1005,0.0996,0.0997,0.1,0.1,0.1011,0.1004,0.0979,0.0998,0.1017,0.1005,0.1016,0.0998,0.0999,0.0998,0.0988,0.0996,0.1005,0.1004,0.1023,0.1088,0.1003,0.0998,0.1015,0.1004,0.1006,0.0998,0.0998,0.0991,0.1003,0.1025,0.1072,0.1006,0.1,0.1,0.1023,0.0998,0.0998,0.1,0.1002,0.1031
1899-12-31T00:39:10Z,37,1.8684,2.0803,2.0113,0.0937,0.0969,0.0932,0.1,0.1002,0.101,0.0992,0.0993,0.1047,1.206,1.2009,1.2194,0.0931,0.0957,0.0924,0.1005,0.1003,0.0993,0.099,0.0989,0.0996,0.101,0.1009,0.104,0.0929,0.0928,0.093,0.1015,0.1015,0.1,0.0996,0.0976,0.0993,0.0937,0.5111,0.8119,1.0366,1.3433,1.6221,0.1006,0.0937,0.0978,0.0995,0.1042,0.1024,0.3465,0.2139,0.1471,0.2396,0.1115,0.0978,0.1003,0.1005,0.0996,0.0996,0.1,0.0999,0.1011,0.1003,0.0979,0.0998,0.1016,0.1005,0.1017,0.0998,0.0999,0.0998,0.0988,0.0996,0.1004,0.1004,0.1022,0.1085,0.1002,0.0998,0.1015,0.1004,0.1005,0.0998,0.0998,0.099,0.1002,0.102,0.1072,0.1005,0.0999,0.1,0.1023,0.0998,0.0997,0.1,0.1002,0.103
1899-12-31T00:40:10Z,37,1.8732,2.0817,2.0093,0.0938,0.0969,0.0932,0.1001,0.1003,0.1011,0.0992,0.0993,0.1048,1.2051,1.2022,1.2206,0.0931,0.0957,0.0923,0.1005,0.1003,0.0993,0.0991,0.099,0.0996,0.1011,0.101,0.1039,0.0927,0.0928,0.0929,0.1015,0.1015,0.1,0.0996,0.0977,0.0993,0.094,0.5108,0.8119,1.0357,1.3422,1.6209,0.1007,0.0938,0.0979,0.0995,0.1042,0.1024,0.3485,0.208,0.1447,0.2438,0.1154,0.0977,0.1003,0.1006,0.0997,0.0997,0.1001,0.1,0.1011,0.1004,0.0979,0.0997,0.1017,0.1005,0.1017,0.0999,0.0999,0.0998,0.0989,0.0996,0.1005,0.1005,0.1023,0.1066,0.1003,0.0998,0.1016,0.1004,0.1006,0.0998,0.0998,0.0991,0.1003,0.1019,0.1073,0.1006,0.1,0.1,0.1023,0.1,0.0998,0.1,0.1002,0.1031
1899-12-31T00:41:10Z,37,1.8713,2.0806,2.0081,0.0938,0.0968,0.0932,0.1001,0.1002,0.1011,0.0992,0.0993,0.1048,1.2046,1.2023,1.2214,0.0932,0.0956,0.0924,0.1006,0.1003,0.0993,0.0991,0.0989,0.0996,0.101,0.101,0.1041,0.0931,0.0929,0.0932,0.1015,0.1016,0.1,0.0996,0.0976,0.0993,0.0937,0.5102,0.8106,1.0343,1.3402,1.6206,0.1006,0.0939,0.0979,0.0995,0.1043,0.1024,0.3538,0.2146,0.1447,0.2483,0.1095,0.0979,0.1003,0.1005,0.0997,0.0996,0.1,0.1,0.1011,0.1004,0.098,0.0998,0.1017,0.1005,0.1017,0.0999,0.0999,0.0998,0.0988,0.0996,0.1005,0.1004,0.1023,0.1022,0.1003,0.0997,0.1015,0.1004,0.1006,0.0999,0.0998,0.0991,0.1003,0.102,0.1073,0.1005,0.0999,0.1,0.1023,0.0999,0.0998,0.1,0.1003,0.1031
1899-12-31T00:42:10Z,37,1.8717,2.0793,2.007,0.0938,0.0976,0.0933,0.1001,0.1002,0.101,0.0992,0.0993,0.1048,1.2038,1.2028,1.2216,0.0931,0.0957,0.0926,0.1006,0.1003,0.0993,0.0991,0.099,0.0997,0.1011,0.1011,0.1041,0.0929,0.0929,0.0931,0.1015,0.1016,0.1,0.0996,0.0977,0.0993,0.0938,0.5098,0.8104,1.0333,1.3396,1.6187,0.1006,0.0939,0.0979,0.0995,0.1042,0.1024,0.3639,0.2183,0.1478,0.2523,0.10780000000000001,0.0978,0.1004,0.1006,0.0997,0.0996,0.1,0.1,0.1011,0.1004,0.098,0.0998,0.1017,0.1005,0.1017,0.0999,0.0999,0.0998,0.0988,0.0997,0.1005,0.1005,0.1023,0.1025,0.1003,0.0998,0.1016,0.1005,0.1006,0.0999,0.0999,0.0991,0.1003,0.1019,0.1073,0.1006,0.1,0.1,0.1023,0.0999,0.0998,0.1,0.1003,0.103
1899-12-31T00:43:10Z,37,1.8716,2.0778,2.0058,0.0937,0.0985,0.0931,0.1001,0.1003,0.1011,0.0993,0.0993,0.1049,1.2034,1.2032,1.2222,0.0931,0.0958,0.0925,0.1007,0.1003,0.0993,0.0991,0.099,0.0997,0.1011,0.1011,0.1039,0.0929,0.0928,0.093,0.1016,0.1016,0.1,0.0996,0.0977,0.0993,0.0937,0.5095,0.8095,1.033,1.3393,1.6182,0.1007,0.0939,0.0979,0.0995,0.1042,0.1024,0.3737,0.2249,0.1483,0.2566,0.1105,0.098,0.1003,0.1006,0.0997,0.0997,0.1,0.1,0.1011,0.1004,0.098,0.0998,0.1016,0.1005,0.1017,0.0999,0.0999,0.0998,0.0988,0.0996,0.1005,0.1005,0.1023,0.1021,0.1003,0.0998,0.1015,0.1004,0.1006,0.0998,0.0999,0.0989,0.1003,0.1015,0.1074,0.1005,0.1,0.1,0.1023,0.1,0.0998,0.1,0.1003,0.103
1899-12-31T00:44:10Z,37,1.8744,2.0764,2.0051,0.0939,0.097,0.0933,0.1001,0.1003,0.1011,0.0992,0.0993,0.1049,1.2029,1.2048,1.2226,0.0931,0.0957,0.0926,0.1007,0.1003,0.0993,0.0991,0.0989,0.0997,0.1011,0.1011,0.1038,0.0929,0.0928,0.093,0.1015,0.1016,0.1,0.0996,0.0977,0.0993,0.0938,0.5091,0.8084,1.0327,1.3382,1.6158,0.1007,0.0939,0.0979,0.0995,0.1042,0.1024,0.3766,0.194,0.1539,0.2611,0.108,0.0979,0.1003,0.1006,0.0996,0.0996,0.1001,0.1,0.1011,0.1004,0.098,0.0998,0.1016,0.1005,0.1018,0.0999,0.0999,0.0999,0.0988,0.0996,0.1005,0.1005,0.1023,0.1021,0.1003,0.0998,0.1015,0.1004,0.1006,0.0999,0.0998,0.099,0.1003,0.1016,0.1073,0.1006,0.1,0.1,0.1023,0.1,0.0998,0.1001,0.1003,0.1031
1899-12-31T00:45:10Z,37,1.8768,2.0751,2.0043,0.0938,0.0984,0.0933,0.1,0.1003,0.101,0.0993,0.0993,0.1049,1.2029,1.2059,1.2229,0.0932,0.0956,0.0926,0.1006,0.1004,0.0993,0.0991,0.099,0.0997,0.1011,0.1012,0.104,0.093,0.0929,0.093,0.1015,0.1016,0.1,0.0996,0.0977,0.0993,0.0938,0.5087,0.8084,1.0315,1.3368,1.6159,0.1006,0.0939,0.0979,0.0995,0.1043,0.1024,0.3806,0.2294,0.1483,0.2654,0.1081,0.0981,0.1003,0.1006,0.0997,0.0996,0.1,0.1,0.1011,0.1004,0.098,0.0998,0.1017,0.1005,0.1017,0.0999,0.0999,0.0998,0.0988,0.0997,0.1005,0.1004,0.1023,0.1021,0.1003,0.0998,0.1015,0.1004,0.1006,0.0998,0.0999,0.099,0.1003,0.1017,0.1074,0.1005,0.1,0.1,0.1023,0.1,0.0998,0.1,0.1003,0.1031
1899-12-31T00:46:10Z,37.1,1.8806,2.0744,2.0032,0.0937,0.0974,0.0932,0.1001,0.1002,0.1011,0.0993,0.0993,0.1048,1.2021,1.2071,1.2226,0.0931,0.0957,0.0924,0.1007,0.1004,0.0993,0.0991,0.099,0.0996,0.1012,0.1012,0.1039,0.0929,0.0929,0.0932,0.1015,0.1016,0.1,0.0996,0.0977,0.0993,0.0937,0.5085,0.8074,1.0309,1.3355,1.6151,0.1006,0.0939,0.0979,0.0995,0.1043,0.1024,0.3852,0.2164,0.1479,0.2696,0.1124,0.0981,0.1003,0.1005,0.0996,0.0996,0.1001,0.1,0.1011,0.1004,0.098,0.0999,0.1016,0.1005,0.1017,0.0999,0.0999,0.0998,0.0988,0.0996,0.1005,0.1004,0.1023,0.1022,0.1003,0.0998,0.1015,0.1005,0.1006,0.0999,0.0998,0.099,0.1003,0.1015,0.1073,0.1005,0.0999,0.1,0.1023,0.1,0.0998,0.1,0.1003,0.103
1899-12-31T00:47:10Z,36.9,1.8843,2.0735,2.0028,0.0937,0.0967,0.0932,0.1,0.1002,0.1011,0.0993,0.0992,0.1049,1.2018,1.2076,1.2219,0.0931,0.0958,0.0925,0.1008,0.1003,0.0994,0.0991,0.099,0.0996,0.1012,0.1012,0.1038,0.0928,0.0929,0.0929,0.1015,0.1016,0.1,0.0996,0.0977,0.0993,0.0936,0.5082,0.8066,1.0295,1.3346,1.6138,0.1006,0.0939,0.0979,0.0995,0.1043,0.1024,0.39,0.2048,0.1456,0.2741,0.111,0.0979,0.1003,0.1005,0.0996,0.0996,0.1,0.1,0.1011,0.1004,0.098,0.0998,0.1017,0.1004,0.1017,0.0999,0.0999,0.0998,0.0988,0.0996,0.1005,0.1004,0.1023,0.1022,0.1003,0.0998,0.1015,0.1004,0.1005,0.0998,0.0999,0.0989,0.1003,0.1011,0.1074,0.1005,0.1,0.1,0.1023,0.1001,0.0998,0.1,0.1003,0.103
1899-12-31T00:48:10Z,37,1.8867,2.0724,2.002,0.0938,0.0971,0.0931,0.1001,0.1002,0.101,0.0993,0.0993,0.1049,1.2015,1.2079,1.2218,0.0933,0.0958,0.0925,0.1006,0.1003,0.0993,0.0991,0.099,0.0996,0.1012,0.1013,0.1039,0.0929,0.0929,0.093,0.1015,0.1016,0.1,0.0995,0.0977,0.0993,0.0938,0.5079,0.8067,1.0293,1.3349,1.6123,0.1007,0.0939,0.0979,0.0994,0.1043,0.1024,0.3982,0.2074,0.1429,0.2785,0.1091,0.0978,0.1003,0.1005,0.0996,0.0996,0.1,0.1,0.1011,0.1004,0.098,0.0998,0.1016,0.1005,0.1017,0.0998,0.0999,0.0998,0.0988,0.0996,0.1005,0.1004,0.1023,0.1021,0.1003,0.0997,0.1015,0.1005,0.1006,0.0998,0.0998,0.0989,0.1003,0.1015,0.1074,0.1005,0.0999,0.1,0.1023,0.1,0.0998,0.1,0.1002,0.103
1899-12-31T00:49:10Z,37,1.8871,2.0718,2.0017,0.0938,0.0973,0.0932,0.1001,0.1002,0.1011,0.0993,0.0993,0.1049,1.2012,1.2078,1.2217,0.0932,0.0958,0.0926,0.1007,0.1003,0.0993,0.0991,0.0991,0.0996,0.1013,0.1013,0.104,0.0929,0.0929,0.093,0.1015,0.1016,0.1,0.0996,0.0977,0.0993,0.0938,0.5077,0.806,1.0289,1.3335,1.6115,0.1006,0.094,0.0979,0.0995,0.1043,0.1024,0.4057,0.2095,0.1473,0.2826,0.111,0.098,0.1003,0.1006,0.0997,0.0996,0.1,0.1,0.1011,0.1004,0.098,0.0999,0.1017,0.1005,0.1017,0.0999,0.0999,0.0998,0.0988,0.0996,0.1005,0.1004,0.1023,0.1021,0.1003,0.0998,0.1015,0.1005,0.1006,0.0998,0.0998,0.099,0.1003,0.1015,0.1074,0.1005,0.1,0.1,0.1023,0.1,0.0998,0.1,0.1003,0.103
1899-12-31T00:50:10Z,37,1.8862,2.0708,2.0014,0.0939,0.0974,0.0932,0.1001,0.1003,0.1011,0.0993,0.0993,0.1049,1.2009,1.2075,1.2219,0.0931,0.0958,0.0925,0.1006,0.1004,0.0993,0.0991,0.099,0.0997,0.1013,0.1014,0.1043,0.0929,0.093,0.0932,0.1015,0.1016,0.1,0.0997,0.0977,0.0993,0.0938,0.5075,0.8055,1.0284,1.3321,1.6121,0.1006,0.094,0.0979,0.0995,0.1043,0.1024,0.4107,0.2159,0.1429,0.2869,0.1142,0.0981,0.1003,0.1005,0.0997,0.0997,0.1,0.1,0.1012,0.1004,0.098,0.0999,0.1017,0.1005,0.1018,0.0999,0.0999,0.0999,0.0988,0.0997,0.1005,0.1005,0.1023,0.1021,0.1003,0.0998,0.1016,0.1005,0.1006,0.0999,0.0998,0.099,0.1003,0.1017,0.1074,0.1005,0.1,0.1,0.1023,0.1,0.0998,0.1,0.1003,0.1031
1899-12-31T00:51:10Z,37,1.8853,2.071,2.0006,0.0938,0.0973,0.0933,0.1001,0.1002,0.1011,0.0993,0.0993,0.105,1.2009,1.207,1.2218,0.0931,0.0958,0.0926,0.1007,0.1004,0.0993,0.0991,0.099,0.0996,0.1013,0.1014,0.1041,0.0928,0.0928,0.0929,0.1015,0.1017,0.1,0.0996,0.0977,0.0993,0.0938,0.5073,0.805,1.0279,1.3318,1.6101,0.1006,0.094,0.0979,0.0995,0.1043,0.1025,0.4106,0.2024,0.144,0.2913,0.109,0.0979,0.1004,0.1006,0.0996,0.0997,0.1,0.1,0.1012,0.1004,0.0981,0.0999,0.1017,0.1005,0.1018,0.0999,0.1,0.0998,0.0988,0.0996,0.1005,0.1005,0.1023,0.1021,0.1003,0.0998,0.1015,0.1005,0.1006,0.0999,0.0998,0.0989,0.1003,0.1012,0.1074,0.1005,0.1,0.1,0.1023,0.1001,0.0998,0.1,0.1002,0.103
1899-12-31T00:52:10Z,37,1.884,2.0705,2.0003,0.0938,0.0971,0.0932,0.1,0.1002,0.1011,0.0992,0.0993,0.105,1.2009,1.2068,1.2214,0.0933,0.0957,0.0925,0.1007,0.1003,0.0993,0.099,0.0989,0.0996,0.1012,0.1014,0.104,0.0929,0.0928,0.093,0.1014,0.1016,0.1,0.0996,0.0978,0.0993,0.0937,0.5068,0.8043,1.0267,1.3312,1.6105,0.1006,0.0939,0.0979,0.0995,0.1042,0.1024,0.4184,0.2058,0.1405,0.2956,0.1141,0.098,0.1003,0.1005,0.0996,0.0995,0.1,0.1,0.1011,0.1003,0.098,0.0999,0.1016,0.1004,0.1018,0.0998,0.0999,0.0997,0.0988,0.0996,0.1004,0.1004,0.1023,0.1021,0.1003,0.0997,0.1014,0.1004,0.1006,0.0998,0.0998,0.0988,0.1003,0.1011,0.1073,0.1004,0.0999,0.0999,0.1022,0.1001,0.0998,0.1,0.1002,0.103
1899-12-31T00:53:10Z,37,1.8836,2.07,1.9998,0.0937,0.0973,0.0932,0.1001,0.1002,0.1011,0.0992,0.0993,0.1049,1.2004,1.2066,1.2213,0.0931,0.0957,0.0925,0.1007,0.1003,0.0993,0.0991,0.0989,0.0997,0.1013,0.1014,0.1041,0.0929,0.0931,0.0929,0.1015,0.1016,0.1,0.0996,0.0978,0.0993,0.0938,0.5068,0.8044,1.0273,1.3311,1.6098,0.1006,0.0939,0.0979,0.0995,0.1043,0.1024,0.4257,0.2122,0.1382,0.2999,0.1104,0.0979,0.1003,0.1005,0.0996,0.0996,0.1,0.1,0.1011,0.1004,0.098,0.0999,0.1016,0.1004,0.1017,0.0999,0.0999,0.0998,0.0988,0.0995,0.1004,0.1004,0.1022,0.1022,0.1003,0.0998,0.1015,0.1004,0.1006,0.0998,0.0998,0.0989,0.1002,0.1013,0.1073,0.1005,0.0999,0.1,0.1023,0.1,0.0998,0.1,0.1003,0.103
1899-12-31T00:54:10Z,37,1.8826,2.0701,1.9997,0.0938,0.0974,0.0932,0.1001,0.1002,0.1011,0.0993,0.0993,0.1049,1.2004,1.2064,1.2216,0.0933,0.0957,0.0926,0.1006,0.1003,0.0993,0.0991,0.099,0.0996,0.1013,0.1015,0.1043,0.0929,0.0928,0.093,0.1015,0.1016,0.1,0.0996,0.0978,0.0993,0.0938,0.5066,0.8036,1.0262,1.3303,1.6079,0.1006,0.094,0.0979,0.0995,0.1043,0.1024,0.4323,0.1874,0.1372,0.3045,0.1133,0.0977,0.1003,0.1005,0.0996,0.0996,0.1,0.1,0.1011,0.1004,0.098,0.1,0.1016,0.1005,0.1018,0.0999,0.1,0.0998,0.0988,0.0996,0.1005,0.1005,0.1023,0.1021,0.1003,0.0998,0.1015,0.1004,0.1006,0.0999,0.0998,0.099,0.1003,0.1016,0.1073,0.1005,0.1,0.1,0.1023,0.1001,0.0998,0.1,0.1003,0.1031
1899-12-31T00:55:10Z,37,1.8819,2.0689,1.9994,0.0938,0.0982,0.0933,0.1001,0.1002,0.1011,0.0992,0.0993,0.1049,1.2001,1.2063,1.2219,0.093,0.0957,0.0926,0.1006,0.1003,0.0993,0.0991,0.099,0.0996,0.1013,0.1015,0.1042,0.093,0.0929,0.0931,0.1015,0.1016,0.1,0.0996,0.0978,0.0993,0.0939,0.5062,0.8035,1.0261,1.3302,1.6086,0.1006,0.094,0.0979,0.0995,0.1043,0.1024,0.4401,0.2174,0.1393,0.3086,0.1113,0.0982,0.1003,0.1005,0.0996,0.0996,0.1,0.1,0.1011,0.1004,0.098,0.1,0.1016,0.1005,0.1017,0.0998,0.0999,0.0998,0.0988,0.0996,0.1005,0.1005,0.1023,0.1021,0.1003,0.0997,0.1015,0.1004,0.1006,0.0998,0.0998,0.0989,0.1003,0.1014,0.1074,0.1005,0.0999,0.1,0.1023,0.1001,0.0998,0.1,0.1002,0.1031
1899-12-31T00:56:10Z,37,1.8816,2.0691,1.999,0.0938,0.0981,0.0933,0.1001,0.1002,0.101,0.0993,0.0993,0.1049,1.2,1.2063,1.2223,0.0932,0.0958,0.0926,0.1007,0.1003,0.0993,0.0991,0.099,0.0996,0.1014,0.1015,0.1042,0.0928,0.0929,0.093,0.1015,0.1015,0.1,0.0996,0.0978,0.0993,0.0938,0.5062,0.8033,1.0254,1.3293,1.6084,0.1006,0.094,0.0979,0.0995,0.1042,0.1024,0.4451,0.1919,0.1396,0.313,0.1097,0.098,0.1003,0.1005,0.0996,0.0996,0.1001,0.1,0.1011,0.1004,0.098,0.1,0.1017,0.1004,0.1018,0.0999,0.0999,0.0998,0.0988,0.0996,0.1005,0.1004,0.1023,0.1022,0.1003,0.0997,0.1015,0.1004,0.1006,0.0999,0.0998,0.0989,0.1003,0.1011,0.1074,0.1005,0.1,0.1,0.1022,0.1001,0.0998,0.1,0.1002,0.103
1899-12-31T00:57:10Z,37,1.8812,2.0687,1.9989,0.0939,0.0979,0.0933,0.1,0.1002,0.1011,0.0993,0.0993,0.1049,1.1997,1.206,1.2245,0.0931,0.0957,0.0925,0.1007,0.1003,0.0993,0.0991,0.0989,0.0996,0.1014,0.1015,0.1043,0.0928,0.0931,0.093,0.1015,0.1016,0.1,0.0997,0.0978,0.0993,0.0938,0.506,0.8032,1.0253,1.3293,1.6085,0.1006,0.094,0.0979,0.0995,0.1043,0.1024,0.4466,0.1958,0.1416,0.3173,0.1099,0.0982,0.1003,0.1005,0.0996,0.0996,0.1001,0.1,0.1011,0.1004,0.098,0.1,0.1016,0.1005,0.1018,0.0999,0.0999,0.0998,0.0988,0.0996,0.1005,0.1004,0.1023,0.1022,0.1003,0.0998,0.1015,0.1005,0.1006,0.0998,0.0999,0.0989,0.1003,0.1013,0.1074,0.1005,0.0999,0.1,0.1022,0.1001,0.0998,0.1,0.1003,0.1031
1899-12-31T00:58:10Z,36.9,1.8811,2.0685,1.9985,0.0939,0.0982,0.0932,0.1001,0.1003,0.1011,0.0993,0.0993,0.1049,1.1998,1.2059,1.2271,0.0931,0.0957,0.0926,0.1007,0.1003,0.0993,0.0991,0.099,0.0996,0.1014,0.1016,0.1041,0.0931,0.093,0.0932,0.1015,0.1016,0.1,0.0997,0.0978,0.0993,0.0939,0.5059,0.8025,1.0239,1.3278,1.6065,0.1006,0.094,0.0979,0.0995,0.1043,0.1024,0.4539,0.2187,0.1434,0.3214,0.112,0.0977,0.1003,0.1005,0.0996,0.0996,0.1001,0.1,0.1011,0.1004,0.098,0.1,0.1017,0.1005,0.1018,0.0999,0.0999,0.0998,0.0988,0.0996,0.1004,0.1004,0.1023,0.1022,0.1003,0.0998,0.1016,0.1005,0.1006,0.0998,0.0999,0.0989,0.1003,0.1011,0.1074,0.1005,0.0999,0.1,0.1023,0.1001,0.0998,0.1,0.1003,0.103
1899-12-31T00:59:10Z,37,1.8805,2.068,1.9984,0.0937,0.3304,0.0932,0.1001,0.1002,0.1011,0.0992,0.0993,0.105,1.1996,1.206,1.2291,0.0932,0.0958,0.0925,0.1007,0.1003,0.0993,0.0991,0.099,0.0996,0.1014,0.1015,0.1042,0.0928,0.0931,0.093,0.1015,0.1016,0.1001,0.0996,0.0978,0.0993,0.0938,0.5058,0.8023,1.0242,1.3286,1.6067,0.1006,0.094,0.0979,0.0995,0.1042,0.1024,0.4575,0.1811,0.1464,0.3259,0.1221,0.0979,0.1003,0.1006,0.0996,0.0996,0.1,0.1,0.1011,0.1004,0.098,0.1,0.1016,0.1005,0.1017,0.0999,0.0999,0.0998,0.0988,0.0996,0.1005,0.1004,0.1023,0.1022,0.1003,0.0997,0.1014,0.1005,0.1006,0.0998,0.0998,0.0989,0.1003,0.1012,0.1074,0.1005,0.0999,0.1,0.1023,0.1002,0.0998,0.1,0.1003,0.103
1899-12-31T01:00:10Z,37,1.8802,2.0681,1.9983,0.0938,0.1011,0.0931,0.1,0.1002,0.1011,0.0993,0.0993,0.1048,1.1994,1.2057,1.2304,0.0931,0.0958,0.0925,0.1007,0.1003,0.0993,0.0991,0.0989,0.0996,0.1014,0.1016,0.1042,0.0928,0.093,0.0929,0.1015,0.1016,0.1,0.0996,0.0978,0.0992,0.0938,0.5055,0.802,1.0237,1.3284,1.6059,0.1005,0.094,0.0979,0.0995,0.1042,0.1023,0.4646,0.1852,0.1455,0.3303,0.1117,0.0977,0.1003,0.1005,0.0996,0.0996,0.1,0.1,0.1011,0.1004,0.098,0.1,0.1016,0.1004,0.1017,0.0998,0.0999,0.0998,0.0988,0.0996,0.1004,0.1004,0.1023,0.1021,0.1002,0.0998,0.1014,0.1004,0.1006,0.0998,0.0998,0.0989,0.1003,0.1012,0.1074,0.1005,0.0999,0.1,0.1023,0.1001,0.0998,0.1,0.1002,0.103
